,Ticker
0,20MICRONS
1,21STCENMGM
2,3MINDIA
3,3PLAND
4,3RDROCK
5,5PAISA
6,63MOONS
7,ABINFRA
8,A2ZINFRA
9,AAKASH
10,AARON
11,AARTIDRUGS
12,AARTIIND
13,AARVEEDEN
14,AARVI
15,AAVAS
16,ABAN
17,ABB
18,POWERINDIA
19,ACC
20,ACCELYA
21,ACCURACY
22,ACEINTEG
23,ACE
24,ADANIENT
25,ADANIGREEN
26,ADANIPORTS
27,ADANIPOWER
28,ADANITRANS
29,ADFFOODS
30,ABCAPITAL
31,ABFRL
32,BIRLAMONEY
33,ADORWELD
34,ADROITINFO
35,ADVENZYMES
36,ADVANIHOTR
37,AEGISCHEM
38,AFFLE
39,AGARIND
40,AGRITECH
41,AGROPHOS
42,ATFL
43,AHLADA
44,AHLUCONT
45,AIAENG
46,AIRAN
47,AIROLAM
48,AJANTPHARM
49,AJMERA
50,AJOONI
51,AKASH
52,AKG
53,AKSHOPTFBR
54,AKSHARCHEM
55,AKZOINDIA
56,ALANKIT
57,ALBERTDAVD
58,ALCHEM
59,ALEMBICLTD
60,APLLTD
61,ALICON
62,ALKALI
63,ALKEM
64,ALKYLAMINE
65,ALLCARGO
66,ADSL
67,ALLSEC
68,ALMONDZ
69,ALOKINDS
70,ALPA
71,ALPHAGEO
72,ALPSINDUS
73,AMARAJABAT
74,AMBER
75,AMBIKCO
76,AMBUJACEM
77,AMDIND
78,ASIL
79,AMJLAND
80,AMRUTANJAN
81,ANANTRAJ
82,ANDHRACEMT
83,ANDHRAPAP
84,AISL
85,ANIKINDS
86,APCL
87,ANKITMETAL
88,ANSALHSG
89,ANSALAPI
90,APARINDS
91,APCOTEXIND
92,APEX
93,APLAPOLLO
94,APOLLOHOSP
95,APOLLO
96,APOLLOPIPE
97,APOLSINHOT
98,APOLLOTYRE
99,APTECHT
100,ARCHIDPLY
101,ARCHIES
102,ARCOTECH
103,ARIES
104,ARIHANT
105,ARIHANTSUP
106,ARMANFIN
107,AROGRANITE
108,ARROWGREEN
109,ARSHIYA
110,ARSSINFRA
111,ARTNIRMAN
112,ARTEMISMED
113,ARVEE
114,ARVINDFASN
115,ARVIND
116,ARVSMART
117,ASAHIINDIA
118,ASAHISONG
119,ASHAPURMIN
120,ASHIANA
121,ASHIMASYN
122,ASHOKLEY
123,ASHOKA
124,ASIANTILES
125,AHLEAST
126,ASIANHOTNR
127,AHLWEST
128,ASIANPAINT
129,ASPINWALL
130,ASALCBR
131,ASTEC
132,ASTERDM
133,ASTRAMICRO
134,ASTRAL
135,ASTRAZEN
136,ASTRON
137,ATLANTA
138,ATLASCYCLE
139,ATNINTER
140,ATULAUTO
141,ATUL
142,AUBANK
143,AURIONPRO
144,AUROPHARMA
145,AUSOMENT
146,AUTOIND
147,AUTOLITIND
148,AUTOAXLES
149,ASAL
150,AVADHSUGAR
151,AVANTIFEED
152,DMART
153,AVG
154,AVROIND
155,AVTNPL
156,AXISBANK
157,AXISCADES
158,AYMSYNTEX
159,BBTCL
160,BLKASHYAP
161,BAGFILMS
162,BAFNAPH
163,BAJAJ-AUTO
164,BAJAJCON
165,BAJAJELEC
166,BAJFINANCE
167,BAJAJFINSV
168,BAJAJHIND
169,BAJAJHLDNG
170,BALPHARMA
171,BALAMINES
172,BALAJITELE
173,BALAXI
174,BALKRISIND
175,BALKRISHNA
176,BALLARPUR
177,BALMLAWRIE
178,BALRAMCHIN
179,BANARBEADS
180,BANCOINDIA
181,BANDHANBNK
182,BANG
183,BANKBARODA
184,BANKINDIA
185,MAHABANK
186,BANKA
187,BASML
188,BANARISUG
189,BANSWRAS
190,BVCL
191,BASF
192,BATAINDIA
193,BEARDSELL
194,BEDMUTHA
195,BEML
196,BERGEPAINT
197,BFINVEST
198,BFUTILITIE
199,BGRENERGY
200,BHAGERIA
201,BHAGYANGR
202,BHALCHANDR
203,BHANDARI
204,BEPL
205,BBL
206,BDL
207,BEL
208,BHARATFORG
209,BHARATGEAR
210,BHEL
211,BPCL
212,BHARATRAS
213,BRNL
214,BHARATWIRE
215,BHARTIARTL
216,BIL
217,BIGBLOC
218,BILENERGY
219,BIOCON
220,BIOFILCHEM
221,BIRLACABLE
222,BIRLACORPN
223,BIRLATYRE
224,BSOFT
225,BKMINDST
226,BLBLIMITED
227,BLISSGVS
228,BLS
229,BLUECHIP
230,BLUECOAST
231,BLUEDART
232,BLUESTARCO
233,BODALCHEM
234,BBTC
235,BOMDYEING
236,BRFL
237,BSHSL
238,BORORENEW
239,BOSCHLTD
240,BPL
241,BCONCEPTS
242,BRIGADE
243,BCG
244,BRITANNIA
245,BROOKS
246,BSE
247,BSL
248,BURNPUR
249,BUTTERFLY
250,CANDC
251,CADSYS
252,CALSOFT
253,CTE
254,CAMLINFINE
255,CANFINHOME
256,CANBK
257,CANTABIL
258,CAPACITE
259,CAPTRUST
260,CAPLIPOINT
261,CGCL
262,CARBORUNIV
263,CARERATING
264,CAREERP
265,CASTROLIND
266,CCL
267,CEATLTD
268,CELEBRITY
269,CENTRALBK
270,CDSL
271,CENTRUM
272,CENTUM
273,CENTENKA
274,CENTEXT
275,CENTURYPLY
276,CENTURYTEX
277,CERA
278,CEREBRAINT
279,CESC
280,CGPOWER
281,CHALET
282,CHAMBLFERT
283,CHEMBOND
284,CHEMCON
285,CHEMFAB
286,CHENNPETRO
287,CHOLAHLDNG
288,CHOLAFIN
289,CHROMATIC
290,CIGNITITEC
291,CIMMCO
292,CINELINE
293,CINEVISTA
294,CIPLA
295,CUB
296,CKPPRODUCT
297,CLEDUCATE
298,CMICABLES
299,CMMIPL
300,COALINDIA
301,COCHINSHIP
302,COFORGE
303,COLPAL
304,COMPINFO
305,COMPUSOFT
306,CAMS
307,CONFIPET
308,CCCL
309,CONSOFINVT
310,CONCOR
311,CONTI
312,CONTROLPR
313,CORALFINAC
314,CORDSCABLE
315,COROMANDEL
316,CCHHL
317,COUNCODOS
318,CKFSL
319,COX&KINGS
320,CREATIVEYE
321,CREATIVE
322,CREDITACC
323,CREST
324,CRISIL
325,CROMPTON
326,CROWN
327,CSBBANK
328,CUBEXTUB
329,CUMMINSIND
330,CUPID
331,CYBERTECH
332,CYIENT
333,DBREALTY
334,DPWIRES
335,DPABHUSHAN
336,DBCORP
337,DABUR
338,DALBHARAT
339,DALMIASUG
340,DAMODARIND
341,DANGEE
342,DATAMATICS
343,DBSTOCKBRO
344,DCI
345,DCBBANK
346,DCM
347,DCMFINSERV
348,DCMNVL
349,DCMSHRIRAM
350,DCW
351,DENORA
352,DECCANCE
353,DEEPAKFERT
354,DEEPAKNTR
355,DELTACORP
356,DELTAMAGNT
357,DEN
358,DEVIT
359,DFMFOODS
360,DHAMPURSUG
361,DHANBANK
362,DHANUKA
363,DHARSUGAR
364,DHUNINV
365,DTIL
366,DVL
367,DIAPOWER
368,DICIND
369,DGCONTENT
370,DIGISPICE
371,DIGJAMLTD
372,DNAMEDIA
373,DBL
374,DISHTV
375,DCAL
376,DIVISLAB
377,DIXON
378,DLF
379,DLINKINDIA
380,DOLLAR
381,DONEAR
382,DPSCLTD
383,DQE
384,LALPATHLAB
385,DRREDDY
386,DREDGECORP
387,DUCON
388,DWARKESH
389,DSSL
390,DYNAMATECH
391,DYNPRO
392,E2E
393,EASTSILK
394,EASUNREYRL
395,ECLERX
396,EDELWEISS
397,EDUCOMP
398,EICHERMOT
399,EIDPARRY
400,EIHAHOTELS
401,EIHOTEL
402,EIMCOELECO
403,ELECON
404,ELECTCAST
405,ELECTHERM
406,ELGIEQUIP
407,ELGIRUBCO
408,EMAMILTD
409,EMAMIPAP
410,EMAMIREAL
411,EMCO
412,EMKAY
413,EMIL
414,EMMBI
415,ENDURANCE
416,ENERGYDEV
417,ENGINERSIN
418,ENIL
419,EON
420,EQUITAS
421,EQUITASBNK
422,ERIS
423,EROSMEDIA
424,ESABINDIA
425,ESCORTS
426,ESSARSHPNG
427,ESTER
428,EUROCERA
429,EIFFL
430,EUROMULTI
431,EUROTEXIND
432,EVEREADY
433,EVERESTIND
434,EKC
435,EXCELINDUS
436,EXCEL
437,EXIDEIND
438,EXPLEOSOL
439,FCSSOFT
440,FDC
441,FMGOETZE
442,FELIX
443,FACT
444,FIEMIND
445,FILATEX
446,FINEORG
447,FCL
448,FINCABLES
449,FINPIPE
450,FSL
451,FLEXITUFF
452,FOCUS
453,FORTIS
454,FOSECOIND
455,FCONSUMER
456,FEL
457,FLFL
458,FMNL
459,FRETAIL
460,FSC
461,GABRIEL
462,GAIL
463,GALAXYSURF
464,GALLANTT
465,GANDHITUBE
466,GANESHHOUC
467,GANECOS
468,GANGAFORGE
469,GANGESSECU
470,GRSE
471,GARFIBRES
472,GATI
473,GAYAHWS
474,GAYAPROJ
475,GBGLOBAL
476,GEPIL
477,GET&D
478,GEECEE
479,GEEKAYWIRE
480,GICRE
481,GENESYS
482,GENUSPAPER
483,GENUSPOWER
484,GEOJITFSL
485,GFLLIMITED
486,GHCL
487,GISOLUTION
488,GICHSGFIN
489,GILLANDERS
490,GILLETTE
491,GINNIFILA
492,GIRRESORTS
493,GKWLIMITED
494,GLAND
495,GLAXO
496,GLENMARK
497,GLOBAL
498,GLOBALVECT
499,GLOBE
500,GLOBUSSPR
501,GMBREW
502,GMMPFAUDLR
503,GMRINFRA
504,GNA
505,GOACARBON
506,GOCLCORP
507,GPIL
508,GODFRYPHLP
509,GODHA
510,GODREJAGRO
511,GODREJCP
512,GODREJIND
513,GODREJPROP
514,GOENKA
515,GOKEX
516,GOKULAGRO
517,GOKUL
518,GOLDENTOBC
519,GOLDIAM
520,GOLDSTAR
521,GOLDTECH
522,GOODLUCK
523,GULFPETRO
524,GPTINFRA
525,GFSTEELS
526,GRANULES
527,GRAPHITE
528,GRASIM
529,GRAVITA
530,GREAVESCOT
531,GREENLAM
532,GREENPANEL
533,GREENPLY
534,GRINDWELL
535,GRPLTD
536,GSS
537,GTLINFRA
538,GTL
539,GTNTEX
540,GTPL
541,GUFICBIO
542,GUJALKALI
543,GAEL
544,GUJAPOLLO
545,FLUOROCHEM
546,GUJGASLTD
547,GIPCL
548,GLFL
549,GMDCLTD
550,GNFC
551,GPPL
552,GUJRAFFIA
553,GSCLCEMENT
554,GSFC
555,GSPL
556,GULFOILLUB
557,GULPOLY
558,GVKPIL
559,GAL
560,HGINFRA
561,HAPPSTMNDS
562,HARRMALAYA
563,HATHWAY
564,HATSUN
565,HAVELLS
566,HBSL
567,HBLPOWER
568,HCL-INSYS
569,HCLTECH
570,HDFCAMC
571,HDFCBANK
572,HDFCLIFE
573,HCG
574,HECPROJECT
575,HEG
576,HEIDELBERG
577,HERCULES
578,HERITGFOOD
579,HEROMOTOCO
580,HESTERBIO
581,HEXATRADEX
582,HFCL
583,HIKAL
584,HIL
585,HILTON
586,HSCL
587,HIMATSEIDE
588,HIRECT
589,HINDALCO
590,HINDCON
591,HPIL
592,HGS
593,HAL
594,HINDCOMPOS
595,HCC
596,HINDCOPPER
597,HMVL
598,HINDMOTORS
599,HINDOILEXP
600,HINDPETRO
601,HINDUNILVR
602,HINDZINC
603,HINDNATGLS
604,HISARMETAL
605,HITECHCORP
606,HITECH
607,HLVLTD
608,HMT
609,HONDAPOWER
610,HONAUT
611,HUDCO
612,HDIL
613,HDFC
614,HOVS
615,HPL
616,HTMEDIA
617,HUBTOWN
618,HUSYSLTD
619,ICEMAKE
620,ICICIBANK
621,ICICIGI
622,ICICIPRULI
623,ISEC
624,ICRA
625,IDBI
626,IDFCFIRSTB
627,IDFC
628,IFBAGRO
629,IFBIND
630,IFCI
631,IFGLEXPOR
632,IGPL
633,IGARASHI
634,IIFL
635,IIFLSEC
636,IL&FSENGG
637,IVC
638,IL&FSTRANS
639,INDLMETER
640,IMPEXFERRO
641,INDBANK
642,INDIAGLYCO
643,IMPAL
644,INDNIPPON
645,ITDC
646,IBULHSGFIN
647,IBREALEST
648,INDIAMART
649,INDIANB
650,INDIANCARD
651,IEX
652,INDIANHUME
653,IMFA
654,IOC
655,IOB
656,IRCTC
657,INDTERRAIN
658,ICIL
659,INDORAMA
660,INDOTECH
661,INDOTHAI
662,INDOCO
663,NIPPOBATRY
664,INDOSOLAR
665,INDOSTAR
666,INDOWIND
667,IGL
668,INDRAMEDCO
669,INDSWFTLAB
670,INDSWFTLTD
671,INDUSINDBK
672,IITL
673,INFIBEAM
674,NAUKRI
675,INFOBEAN
676,INFOMEDIA
677,INFY
678,INGERRAND
679,INNOVATIVE
680,INOXLEISUR
681,INOXWIND
682,INSECTICID
683,INSPIRISYS
684,INTELLECT
685,INTENTECH
686,INDIGO
687,ISFT
688,INVENTURE
689,IOLCP
690,IPCALAB
691,IRB
692,IRCON
693,IRISDOREME
694,ISMTLTD
695,ITC
696,ITDCEM
697,ITI
698,IVP
699,IZMO
700,JKIL
701,JAGRAN
702,JAGSNPHARM
703,JAIBALAJI
704,JAICORPLTD
705,JISLJALEQS
706,JAINSTUDIO
707,JPASSOCIAT
708,JPPOWER
709,JALAN
710,JAMNAAUTO
711,JASH
712,JAYBARMARU
713,JAYAGROGN
714,JAYNECOIND
715,JPINFRATEC
716,JAYSREETEA
717,JBCHEPHARM
718,JBFIND
719,JBMA
720,JETAIRWAYS
721,JETFREIGHT
722,JHS
723,JIKIND
724,JINDRILL
725,JINDALPHOT
726,JINDALPOLY
727,JPOLYINVST
728,JINDALSAW
729,JSLHISAR
730,JSL
731,JINDALSTEL
732,JINDWORLD
733,JITFINFRA
734,JKCEMENT
735,JKLAKSHMI
736,JKPAPER
737,JKTYRE
738,JMFINANCIL
739,JMCPROJECT
740,JMTAUTOLTD
741,JOCIL
742,JCHAC
743,JSWENERGY
744,JSWHL
745,JSWSTEEL
746,JTEKTINDIA
747,JUBLFOOD
748,JUBLINDS
749,JMA
750,JUSTDIAL
751,JYOTHYLAB
752,JYOTISTRUC
753,KMSUGAR
754,KPRMILL
755,KABRAEXTRU
756,KAJARIACER
757,KAKATCEM
758,KALPATPOWR
759,KALYANIFRG
760,KICL
761,KSL
762,KAMATHOTEL
763,KAMDHENU
764,KANANIIND
765,KANORICHEM
766,KANSAINER
767,KAPSTON
768,KARMAENG
769,KARURVYSYA
770,KGL
771,KAUSHALYA
772,KSCL
773,KAYA
774,KCP
775,KCPSUGIND
776,KDDL
777,KEC
778,KEERTI
779,KEI
780,KELLTONTEC
781,KERNEX
782,KESORAMIND
783,KKCL
784,KEYFINSERV
785,KHADIM
786,KHANDSE
787,KILITCH
788,KINGFA
789,KIOCL
790,KIRIINDUS
791,KIRLOSBROS
792,KECL
793,KIRLOSIND
794,KIRLOSENG
795,KITEX
796,KKVAPOW
797,KNRCON
798,KOHINOOR
799,KOKUYOCMLN
800,KOLTEPATIL
801,KOPRAN
802,KOTAKBANK
803,KOTHARIPET
804,KOTHARIPRO
805,KOTARISUG
806,KPITTECH
807,KRBL
808,KREBSBIO
809,KRIDHANINF
810,KRISHANA
811,KRITIKA
812,KSB
813,KSHITIJPOL
814,KSK
815,KSERASERA
816,KUANTUM
817,L&TFH
818,LTTS
819,LAOPALA
820,LAGNAM
821,LFIC
822,LAXMIMACH
823,LAKPRE
824,LAMBODHARA
825,LPDC
826,LT
827,LASA
828,LAURUSLABS
829,LAXMICOT
830,LEMONTREE
831,LEXUS
832,LGBBROSLTD
833,LGBFORGE
834,LIBAS
835,LIBERTSHOE
836,LICHSGFIN
837,LIKHITHA
838,LINCOLN
839,LINDEINDIA
840,LSIL
841,LOKESHMACH
842,LOTUSEYE
843,LOVABLE
844,DAAWAT
845,LUMAXTECH
846,LUMAXIND
847,LUPIN
848,LUXIND
849,LYKALABS
850,LYPSAGEMS
851,MRO
852,MAANALU
853,MACPOWER
854,MCL
855,MADHAV
856,MADHUCON
857,MBAPL
858,MPTODAY
859,MADRASFERT
860,MAGADSUGAR
861,MAGNUM
862,MAHAPEXLTD
863,MAHASTEEL
864,MGL
865,MTNL
866,MAHSCOOTER
867,MAHSEAMLES
868,MAHESHWARI
869,MAHICKRA
870,M&MFIN
871,M&M
872,MAHINDCIE
873,MAHEPC
874,MHRIL
875,MAHLIFE
876,MAHLOG
877,MAITHANALL
878,MALUPAPER
879,MANINDS
880,MANINFRA
881,MANAKALUCO
882,MANAKCOAT
883,MANAKSIA
884,MANAKSTEEL
885,MANALIPETC
886,MANAPPURAM
887,MANGLMCEM
888,MANGALAM
889,MGEL
890,MANGCHEFER
891,MRPL
892,MANUGRAPH
893,MARALOVER
894,MARATHON
895,MARICO
896,MARINE
897,MARKSANS
898,MARSHALL
899,MARUTI
900,MDL
901,MASFIN
902,MASKINVEST
903,MASTEK
904,MATRIMONY
905,MAWANASUG
906,MFSL
907,MAXHEALTH
908,MAXVIL
909,MAYURUNIQ
910,MAZDOCK
911,MAZDA
912,MBLINFRA
913,MCDHOLDING
914,MCLEODRUSS
915,MBECL
916,MEGASOFT
917,MELSTAR
918,MENONBE
919,MEP
920,MERCATOR
921,METALFORGE
922,METKORE
923,METROPOLIS
924,MMNL
925,MINDACORP
926,MINDPOOL
927,MINDTECK
928,MIRCELECTR
929,MIRZAINT
930,MIDHANI
931,MITCON
932,MITTAL
933,MMFL
934,MMP
935,MMTC
936,MODIRUBBER
937,MOHITIND
938,MOHOTAIND
939,MOIL
940,MOKSH
941,MOLDTKPAC
942,MOLDTECH
943,MONTECARLO
944,MORARJEE
945,MOREPENLAB
946,MOTILALOFS
947,MPHASIS
948,MPSLTD
949,MRF
950,MRO-TEK
951,MSPL
952,MSTCLTD
953,MTEDUCARE
954,MUKANDENGG
955,MUKANDLTD
956,MUKTAARTS
957,MUNJALAU
958,MUNJALSHOW
959,MURUDCERA
960,RADIOCITY
961,MUTHOOTCAP
962,MUTHOOTFIN
963,NRAIL
964,NBIFIN
965,NACLIND
966,NDGL
967,NAGAFERT
968,NAGREEKCAP
969,NAGREEKEXP
970,NAHARCAP
971,NAHARINDUS
972,NAHARPOLY
973,NAHARSPING
974,NSIL
975,NDL
976,NH
977,NARMADA
978,NATCOPHARM
979,NATHBIOGEN
980,NATIONALUM
981,NFL
982,NATNLSTEEL
983,NAVINFLUOR
984,NAVKARCORP
985,NAVNETEDUL
986,NBCC
987,NCC
988,NCLIND
989,NECLIFE
990,NELCAST
991,NELCO
992,NEOGEN
993,NESCO
994,NETWORK18
995,NTL
996,NEULANDLAB
997,NDTV
998,NEWGEN
999,NEXTMEDIA
1000,NHPC
1001,NIITLTD
1002,NILAINFRA
1003,NILASPACES
1004,NILKAMAL
1005,NAM-INDIA
1006,NITCO
1007,NITINFIRE
1008,NITINSPIN
1009,NITIRAJ
1010,NKIND
1011,NLCINDIA
1012,NMDC
1013,NOCIL
1014,NOIDATOLL
1015,NORBTEAEXP
1016,NECCLTD
1017,NRBBEARING
1018,NIBL
1019,NTPC
1020,NUCLEUS
1021,NXTDIGITAL
1022,OBEROIRLTY
1023,OISL
1024,ONGC
1025,OILCOUNTUB
1026,OIL
1027,OLECTRA
1028,OMAXAUTO
1029,OMAXE
1030,OMKARCHEM
1031,ONEPOINT
1032,ONELIFECAP
1033,ONMOBILE
1034,ONWARDTEC
1035,OPTIEMUS
1036,OPTOCIRCUI
1037,OFSS
1038,ORBTEXP
1039,ORICONENT
1040,ORIENTABRA
1041,ORIENTBELL
1042,ORIENTCEM
1043,ORIENTELEC
1044,GREENPOWER
1045,ORIENTPPR
1046,ORIENTLTD
1047,OAL
1048,OCCL
1049,ORIENTHOT
1050,ORIENTALTL
1051,ORTEL
1052,OSIAHYPER
1053,OSWALAGRO
1054,BINDALAGRO
1055,PAGEIND
1056,PAISALO
1057,PALASHSECU
1058,PALREDTEC
1059,PANACEABIO
1060,PANACHE
1061,PANAMAPET
1062,PANSARI
1063,PAR
1064,PARAGMILK
1065,PARACABLES
1066,PARSVNATH
1067,PASHUPATI
1068,PATELENG
1069,PATINTLOG
1070,PCJEWELLER
1071,PGIL
1072,PEARLPOLY
1073,PENINLAND
1074,PENIND
1075,PERFECT
1076,PERSISTENT
1077,PETRONET
1078,PFIZER
1079,PGEL
1080,PIIND
1081,PIDILITIND
1082,PILITA
1083,PILANIINVS
1084,PIONDIST
1085,PIONEEREMB
1086,PEL
1087,PITTIENG
1088,PLASTIBLEN
1089,PNBGILTS
1090,PNBHOUSING
1091,PNCINFRA
1092,PODDARHOUS
1093,PODDARMENT
1094,POKARNA
1095,POLYMED
1096,POLYCAB
1097,POLYPLEX
1098,PONNIERODE
1099,PIGL
1100,PFC
1101,POWERGRID
1102,POWERMECH
1103,PPAP
1104,PRADIP
1105,PRAJIND
1106,PRAENG
1107,PRAKASH
1108,PPL
1109,PRAKASHSTL
1110,DIAMONDYD
1111,PRAXIS
1112,PRECAM
1113,PRECWIRE
1114,PRECOT
1115,PREMEXPLN
1116,PREMIER
1117,PREMIERPOL
1118,PRESSMN
1119,PRESTIGE
1120,PRICOLLTD
1121,PFOCUS
1122,PRIMESECU
1123,PRINCEPIPE
1124,PRSMJOHNSN
1125,PRITI
1126,PNC
1127,PGHL
1128,PGHH
1129,PROSEED
1130,PROZONINTU
1131,PSL
1132,PSPPROJECT
1133,PFS
1134,PTC
1135,PTL
1136,PDMJEPAPER
1137,PUNJLLOYD
1138,PSB
1139,PUNJABCHEM
1140,PNB
1141,PURVA
1142,PVR
1143,QUESS
1144,QUICKHEAL
1145,RSYSTEMS
1146,RSSOFTWARE
1147,RPPINFRA
1148,RADAAN
1149,RMCL
1150,RADICO
1151,RVNL
1152,RAIN
1153,RAJRAYON
1154,RAJTV
1155,ARENTERP
1156,RAJESHEXPO
1157,RAJMET
1158,RPPL
1159,RAJSREESUG
1160,RALLIS
1161,RAMASTEEL
1162,RAMCOIND
1163,RAMCOSYS
1164,RKFORGE
1165,RAMKY
1166,RAMSARUP
1167,RANASUG
1168,RML
1169,RBL
1170,RANEENGINE
1171,RANEHOLDIN
1172,RCF
1173,RATNAMANI
1174,RTNPOWER
1175,RKDL
1176,RAYMOND
1177,RBLBANK
1178,RECLTD
1179,REDINGTON
1180,REFEX
1181,RELAXO
1182,RELIABLE
1183,RELCAPITAL
1184,RCOM
1185,RHFL
1186,RIIL
1187,RELIANCE
1188,RELINFRA
1189,RNAVAL
1190,RPOWER
1191,RELIGARE
1192,REMSONSIND
1193,RGL
1194,REPCOHOME
1195,REPRO
1196,RESPONIND
1197,REVATHI
1198,RICOAUTO
1199,RITES
1200,RKEC
1201,ROLLT
1202,ROLTA
1203,ROSSARI
1204,ROSSELLIND
1205,ROUTE
1206,ROHLTD
1207,RPGLIFE
1208,RSWM
1209,RUCHINFRA
1210,RUCHIRA
1211,REPL
1212,RUPA
1213,RUSHIL
1214,SCHAND
1215,SHK
1216,S&SPOWER
1217,SPAL
1218,SALSTEEL
1219,SEPOWER
1220,SSINFRA
1221,SABEVENTS
1222,SADBHAV
1223,SADBHIN
1224,SAFARI
1225,SAGCEM
1226,SAGARDEEP
1227,SAKAR
1228,SAKSOFT
1229,SAKHTISUG
1230,SAKUMA
1231,SALASAR
1232,SALONA
1233,SALZERELEC
1234,SAMBHAAV
1235,SANCO
1236,SANDHAR
1237,SANGAMIND
1238,SANGHIIND
1239,SANGHVIMOV
1240,SANGINITA
1241,SANOFI
1242,SANWARIA
1243,SARDAEN
1244,SAREGAMA
1245,SARLAPOLY
1246,SARVESHWAR
1247,SASKEN
1248,SASTASUNDR
1249,SATHAISPAT
1250,SATIA
1251,SATIN
1252,SOTL
1253,SBICARD
1254,SBILIFE
1255,SCHAEFFLER
1256,SCHNEIDER
1257,SEAMECLTD
1258,SECURCRED
1259,SIS
1260,SELAN
1261,SEQUENT
1262,SERVOTECH
1263,SESHAPAPER
1264,SETUINFRA
1265,SEYAIND
1266,SHAHALLOYS
1267,SHAKTIPUMP
1268,SHALBY
1269,SHALPAINTS
1270,SHANKARA
1271,SHANTIGEAR
1272,SHANTI
1273,SHARDACROP
1274,SHARDAMOTR
1275,SHARONBIO
1276,SFL
1277,SPYL
1278,SHEMAROO
1279,SHILPAMED
1280,SCI
1281,SHIRPUR-G
1282,SHIVAMILLS
1283,SHIVATEX
1284,SHIVAMAUTO
1285,SHOPERSTOP
1286,SHRADHA
1287,SHREECEM
1288,SHREDIGCEM
1289,SHREEPUSHK
1290,SRPL
1291,SHREERAMA
1292,RAMANEWS
1293,RENUKA
1294,SVLL
1295,OSWALSEEDS
1296,SHRENIK
1297,SHREYANIND
1298,SHREYAS
1299,SHRIRAMCIT
1300,SHRIPISTON
1301,SHUBHLAXMI
1302,SHYAMCENT
1303,SHYAMMETL
1304,SHYAMTEL
1305,SICAL
1306,SIEMENS
1307,SIGIND
1308,SIKKO
1309,SILINV
1310,SILGO
1311,SILLYMONKS
1312,SILVERTUC
1313,SIMBHALS
1314,SIMPLEXINF
1315,SINTERCOM
1316,SPTL
1317,SIRCA
1318,SITINET
1319,SIYSIL
1320,SJVN
1321,SKFINDIA
1322,SKIL
1323,SKIPPER
1324,SKMEGGPROD
1325,SMARTLINK
1326,SMLISUZU
1327,SMSLIFE
1328,SMSPHARMA
1329,SNOWMAN
1330,SOBHA
1331,SOFTTECH
1332,SOLARINDS
1333,SOLARA
1334,SDBL
1335,SOMATEX
1336,SOMANYCERA
1337,SOMICONVEY
1338,SONAMCLOCK
1339,SONATSOFTW
1340,SONISOYA
1341,SORILINFRA
1342,SOUTHWEST
1343,SPIC
1344,SPCENET
1345,SPANDANA
1346,SPECIALITY
1347,SPENCERS
1348,SPENTEX
1349,SPLIL
1350,SPMLINFRA
1351,SRHHYPOLTD
1352,SREEL
1353,SREINFRA
1354,SRF
1355,SABTN
1356,HAVISHA
1357,STAMPEDE
1358,SIL
1359,STARCEMENT
1360,STARPAPER
1361,SBIN
1362,SAIL
1363,STEELCITY
1364,STEELXIND
1365,SSWL
1366,STEL
1367,SWSOLAR
1368,STERTOOLS
1369,STINDIA
1370,SGL
1371,STAR
1372,SUBEXLTD
1373,SUBROS
1374,SUDARSCHEM
1375,SUMEETINDS
1376,SUMIT
1377,SUMICHEM
1378,SUMMITSEC
1379,SPARC
1380,SUNPHARMA
1381,SUNTV
1382,SUNDRMBRAK
1383,SUNCLAYLTD
1384,SUNDARMHLD
1385,SUNDARMFIN
1386,SUNDARAM
1387,SUNDRMFAST
1388,SUNFLAG
1389,SUNTECK
1390,SUPERSPIN
1391,SUPERHOUSE
1392,SUPRAJIT
1393,SUPREMEENG
1394,SUPREMEIND
1395,SUPREMEINF
1396,SURANASOL
1397,SURANAT&P
1398,SUREVIN
1399,SURYAROSNI
1400,SURYALAXMI
1401,SUTLEJTEX
1402,SUULD
1403,SUVEN
1404,SUVENPHAR
1405,SUZLON
1406,SWANENERGY
1407,SWARAJENG
1408,SWELECTES
1409,SYMPHONY
1410,SYNGENE
1411,TTL
1412,TAINWALCHM
1413,TAJGVK
1414,TAKE
1415,TALBROAUTO
1416,TALWALKARS
1417,TALWGYM
1418,TNPL
1419,TNPETRO
1420,TNTELE
1421,TANLA
1422,TANTIACONS
1423,TARMAT
1424,TASTYBITE
1425,TATACHEM
1426,TATACOFFEE
1427,TATACOMM
1428,TCS
1429,TATACONSUM
1430,TATAELXSI
1431,TATAINVEST
1432,TATAMETALI
1433,TATAMOTORS
1434,TATAPOWER
1435,TATASTEEL
1436,TATASTLLP
1437,TTML
1438,TCIEXP
1439,TCIFINANCE
1440,TCNSBRANDS
1441,TCPLPACK
1442,TDPOWERSYS
1443,TEAMLEASE
1444,TECHM
1445,TECHIN
1446,TECHNOE
1447,TIIL
1448,TECHNOFAB
1449,TEJASNET
1450,TERASOFT
1451,TEXINFRA
1452,TEXRAIL
1453,TEXMOPIPES
1454,TGBHOTELS
1455,THANGAMAYL
1456,ANDHRSUGAR
1457,ANUP
1458,BYKE
1459,FEDERALBNK
1460,GESHIP
1461,GROBTEA
1462,HITECHGEAR
1463,INDIACEM
1464,INDHOTEL
1465,THEINVEST
1466,J&KBANK
1467,KTKBANK
1468,MOTOGENFIN
1469,NIACL
1470,ORISSAMINE
1471,PKTEA
1472,PHOENIXLTD
1473,RAMCOCEM
1474,RUBYMILLS
1475,SANDESH
1476,SOUTHBANK
1477,STCINDIA
1478,TINPLATE
1479,UGARSUGAR
1480,UNITEDTEA
1481,WIPL
1482,THEJO
1483,THEMISMED
1484,THERMAX
1485,THIRUSUGAR
1486,TIRUMALCHM
1487,THOMASCOOK
1488,THOMASCOTT
1489,THYROCARE
1490,TIDEWATER
1491,TIJARIA
1492,TIL
1493,TI
1494,TIMETECHNO
1495,TIMESGTY
1496,TIMKEN
1497,TIPSINDLTD
1498,TIRUPATIFL
1499,TWL
1500,TITAN
1501,TOKYOPLAST
1502,TORNTPHARM
1503,TORNTPOWER
1504,TOTAL
1505,TOUCHWOOD
1506,TFCILTD
1507,TPLPLASTEH
1508,TRIL
1509,TCI
1510,TFL
1511,TREEHOUSE
1512,TREJHARA
1513,TRENT
1514,TRF
1515,TBZ
1516,TRIDENT
1517,TRIGYN
1518,TRIVENI
1519,TRITURBINE
1520,TTKHLTCARE
1521,TTKPRESTIG
1522,TIINDIA
1523,TVTODAY
1524,TVVISION
1525,TV18BRDCST
1526,TVSELECT
1527,TVSMOTOR
1528,TVSSRICHAK
1529,UCALFUEL
1530,UCOBANK
1531,UFLEX
1532,UFO
1533,UJAAS
1534,UJJIVAN
1535,UJJIVANSFB
1536,ULTRACEMCO
1537,UMANGDAIRY
1538,UNICHEMLAB
1539,UNIINFO
1540,UNIONBANK
1541,UNIENTER
1542,UNIPLY
1543,UNITECH
1544,UBL
1545,UNITEDPOLY
1546,MCDOWELL-N
1547,UNITY
1548,UNIVASTU
1549,UNIVCABLES
1550,UNIVPHOTO
1551,UPL
1552,URAVI
1553,URJA
1554,UMESLTD
1555,USHAMART
1556,UTIAMC
1557,UTTAMSUGAR
1558,VSTTILLERS
1559,V2RETAIL
1560,WABAG
1561,VADILALIND
1562,VSCL
1563,VAIBHAVGBL
1564,VAISHALI
1565,VAKRANGEE
1566,VARDHACRLC
1567,VHL
1568,VARDMNPOLY
1569,VSSL
1570,VTL
1571,VARROC
1572,VBL
1573,VASCONEQ
1574,VASWANI
1575,VCL
1576,VEDL
1577,VENKEYS
1578,VENUSREM
1579,VERTOZ
1580,VESUVIUS
1581,VETO
1582,VGUARD
1583,VICEROY
1584,VIDEOIND
1585,VIDHIING
1586,VIJIFIN
1587,VIKASECO
1588,VIMTALABS
1589,VINATIORGA
1590,VINDHYATEL
1591,VINNY
1592,VINYLINDIA
1593,VIPCLOTHNG
1594,VIPIND
1595,VIPULLTD
1596,VISASTEEL
1597,VIVIDHA
1598,VISAKAIND
1599,VISHNU
1600,VISHWARAJ
1601,VIVIMEDLAB
1602,VLSFINANCE
1603,VMART
1604,IDEA
1605,VOLTAMP
1606,VOLTAS
1607,VRLLOG
1608,VSTIND
1609,WSI
1610,WALCHANNAG
1611,WANBURY
1612,WEALTH
1613,WEBELSOLAR
1614,WEIZMANIND
1615,WELCORP
1616,WELENT
1617,WELSPUNIND
1618,WELINV
1619,WENDT
1620,WSTCSTPAPR
1621,WHEELS
1622,WHIRLPOOL
1623,WILLAMAGOR
1624,WINDMACHIN
1625,WIPRO
1626,WOCKPHARMA
1627,WONDERLA
1628,WORTH
1629,XCHANGING
1630,XELPMOC
1631,XPROINDIA
1632,YESBANK
1633,ZEEL
1634,ZEELEARN
1635,ZEEMEDIA
1636,ZENTEC
1637,ZENITHEXPO
1638,ZENSARTECH
1639,ZICOM
1640,ZODIACLOTH
1641,ZODIAC
1642,ZOTA
1643,ZUARI
1644,ZYDUSWELL
